source_id	teff_gspphot	logg_gspphot	mh_gspphot	azero_gspphot	teff_gspspec	logg_gspspec	mh_gspspec
164919361120841856	6115.373	3.4688	-0.4904	0.677	6624.0	4.17	-0.07
198919284311540480					6654.0	4.1	-0.27
565801708627100928					3942.0	0.67	-0.32
1414259445547666432	4857.228	1.4577	-0.0087	2.0389	4250.0	1.5	-1.2
1531051632235916928	5728.478	4.4075	-0.2425	0.0	5872.0	4.55	-0.02
1631144127080202752	6807.42	3.6578	-0.3636	0.0655			
1669354526966928512					4630.0	2.13	-0.08
1819740436019617792	4984.8745	2.3992	-0.0838	0.4011	4767.0	1.68	-0.13
1845302603898093824	4950.627	2.8673	-0.0993	0.2279	4910.0	2.48	0.01
1932994222486995968					4925.0	2.35	0.1
2013630893446412672	16654.035	3.7168	0.0042	0.4863			
2135913762018825216	4796.3286	2.5726	-0.0556	0.128	4714.0	2.14	-0.03
2150332040247921536	4739.28	2.5158	-0.2474	0.0005	4763.0	2.22	-0.13
2359514093071811456					4039.0	1.11	-0.15
2380427079109436416					4634.0	2.15	-0.4
2735496904552757120					3801.0	0.36	-0.66
3023711269067191296	5647.247	4.4267	-0.5255	0.0	5685.0	4.25	-0.33
3113591259402371456	8412.024	2.9476	-1.8469	0.5879			
3305738406773071744							
3334317359679513344					4018.0	0.93	-0.5
3349892319846997504	7689.112	4.2065	-0.294	0.1602			
3354354958366435968	8753.775	3.6237	-1.3066	0.6925			
4035711559508954624	7599.4077	3.556	-1.7216	0.093			
4044794285838630784							
4048759773228206592	9075.718	3.8794	0.4551	0.5193			
4096053410471722496	12089.821	3.5021	-0.1574	0.5415			
4103562804371355392					6706.0	0.72	0.05
4291784420324018432	11288.7705	3.7836	-0.3202	0.4088			
4314964771161446144					7971.0	4.82	
5299200644908025216					4965.0	2.42	-0.09
5310097423619689728							
5382633923664759808							
5824155702736281344					4626.0	2.09	-0.16
5953612992056324992							
5991017587386390272					8090.0	5.14	
5992354387352818688	9509.961	3.785	-0.7944	1.3656	7475.0	3.97	-2.0
6064874188574049152	9442.079	4.1729	-0.2848	0.5174			
6232697626165250816	6658.3833	3.8912	-0.5469	0.2126			
6285208209859825792	7594.8076	3.8346	-1.578	0.129			
224228117835711872	7990.59	3.824	-0.163	0.7164			
845712496904278400	4687.995	2.529	-0.0415	0.1223	4593.0	2.01	0.01
867141875450576128					3823.0	0.92	-0.19
996480589321978752					4426.0	0.91	-0.31
1178879019929247488	6580.1943	4.0084	-0.7375	0.0323	6566.0	3.97	-0.65
1694790903841884288					3835.0	0.52	-0.75
1809750445184211456	4775.7373	2.5129	-0.4226	0.0003	4923.0	2.41	-0.0
1946971111225415040					3910.0	0.83	-0.19
2002026750799231872							
2088685446940882816					4139.0	1.54	0.07
2452744192251952896					3919.0	0.66	-0.6
2634939969122996352	6013.537	4.0727	-0.304	0.0033	6182.0	3.97	-0.06
2835306618753061120					4783.0	2.21	-0.04
2928731194065934208							
2949405139395833216					5247.0	1.46	-0.06
3324380351549600384					4922.0	2.45	-0.07
3352320591278487808	6842.557	4.0373	-0.494	0.0173			
3370258917324876288					3974.0	0.78	-0.14
3422778769553767936	5489.6646	4.5673	-0.113	0.106	5211.0	4.94	-0.42
3430300739057506688					4394.0	1.83	0.18
3537780405851714432	4770.934	4.5748	0.0255	0.0133	4928.0	4.84	-0.02
4059541691742582528							
4080833803023000320	5145.117	2.6953	-0.1511	0.7685	4736.0	2.06	-0.33
4215746177549875584	7721.336	3.9939	-0.364	0.2447			
4652780716491521536					5661.0	3.67	-0.31
5518375162469891456	8612.125	3.9523	-0.9652	0.0025			
5894179578230525952	7357.281	3.2989	-1.2714	0.0578			
5986554394794223488					3949.0	0.65	-0.37
6116237565011720448							
6128841953996217984	10160.712	3.4561	-0.807	0.19			
6319912645123172608	5369.5693	3.0819	-0.108	0.4974	5017.0	2.73	-0.37
6478288224134223360					5265.0	3.03	0.08
6718811989050686592	5859.292	3.5513	-1.3313	0.2815	5957.0	3.85	-0.37
6827780124009616896	4814.803	2.3016	0.1258	0.7468	4318.0	1.46	-0.45
6869523701438984704					4833.0	2.52	0.16
7012208421296512	6831.871	3.9534	-0.851	0.0024	6450.0	3.55	-0.67
166831583640194176					7132.0	3.66	-0.52
512480552945921024	12853.028	3.9893	0.7911	0.692			
515739917727761536	6283.3164	3.9472	-0.4087	0.0073	6498.0	4.25	0.1
1043174958367391104	7560.1763	3.9981	-0.6264	0.0001			
1501399246742090496	5626.038	4.1508	-0.2862	0.0006	5754.0	3.89	-0.13
1537533042824950400					4867.0	2.91	-0.1
1812436655153271040	6606.843	4.0129	-0.4016	0.0634	6203.0	3.73	-1.05
1836766098699113088	10807.513	4.2124	-0.6301	1.2638			
1937852036658692224	8986.743	3.8194	0.0702	0.7283	7724.0	3.83	-0.43
1994987024529950208	10358.923	3.8266	-0.7552	0.4639			
2144386151945915648					4461.0	1.62	-0.35
2168104786727791104	4770.4834	2.3835	0.1349	0.3567	4462.0	1.59	-0.15
2170351501292279680	4955.4395	2.6837	-0.0904	0.2441	4732.0	2.01	-0.25
2541200830419126016	3811.6611	4.4921	-0.6089	0.001	4152.0	5.02	-0.28
2700089842703841536	4683.4805	2.5693	0.2619	0.4498	4433.0	1.86	0.13
2702700839222656640	6117.8345	3.7994	-0.6175	0.052	6021.0	3.7	-0.36
2963996547748112768							
3021500975819209728	5902.3076	4.3391	-0.4464	0.0144	5944.0	4.27	-0.47
3102948570960656896	9487.893	4.0271	-0.9822	0.3187			
3350129195882145280	7361.8223	4.309	-0.2943	0.2261	7423.0	4.4	0.03
3354268096948936832	5422.1333	4.4348	0.2019	0.0112	5511.0	4.2	0.38
3404304092286818048							
3432604108538974592	5226.178	2.7312	-0.0092	0.5979	4822.0	2.15	-0.29
3466809266740591488					4512.0	1.93	0.12
3706456725186840704	6331.2275	4.0747	-0.5895	0.0476	6403.0	4.12	-0.18
4052006017005052032	7477.4463	2.94	-1.8543	0.0618			
4056942789749023872							
4064914897584084224							
4261359387398905600	8154.9634	4.2898	0.2409	0.6781			
4407845844065311616							
4518361743519677312	5980.6733	4.3565	-0.3206	0.0906	6019.0	4.43	-0.01
4528347027081835648					4250.0	1.5	-0.06
4812083694901477376	4579.161	2.3309	-0.2785	0.0783	4585.0	1.99	-0.34
4974071345705127808	5883.612	4.1441	-0.176	0.0008	5747.0	3.95	-0.21
5090982657602752384					4675.0	2.04	-0.37
5341662547039508736	7962.11	3.7248	-0.5535	0.0052	7852.0	4.41	-1.73
5358234111401236224							
5406524284130774784							
5465873276080129792	5637.5483	3.9265	-0.023	0.2731	5258.0	3.6	-0.1
5807928835230716544	9164.315	4.3314	0.1119	0.4255			
5945128885445151232	6115.484	4.4572	-0.1662	0.1556	5982.0	4.2	-0.18
6030546026816633344	4901.1455	2.6671	-0.1299	0.5344	4729.0	2.11	-0.14
6643602576214115584	9553.676	4.1187	-1.4883	0.0001			
6890853093140697856	6107.7603	4.0868	-0.4331	0.0165	6371.0	4.15	-0.02
53699774240422400							
177264677680737280					6471.0	3.56	-1.1
505982473582733696							
884111050719101056	7469.1465	4.1698	-0.4957	0.0497			
887607566415002624	4576.5396	2.0358	0.1127	0.6232	4248.0	1.24	-0.34
1608240647038538240					5433.0	3.5	0.36
1804951210053362816	5879.4854	4.0109	-0.153	0.001			
1808532186282904192	4849.139	2.4236	0.1246	0.6501	4519.0	1.85	-0.23
1819790257674497664	6344.0312	4.133	-0.4381	0.211	6234.0	4.11	-0.2
1842567839301395712					4241.0	1.4	-0.04
2343930542972270336	4795.9336	2.4696	0.2603	0.7332	4278.0	1.5	-0.33
2411441308536694528	7137.2495	3.8319	-0.3913	0.0022			
2573404185966537984	4631.218	4.5566	0.0698	0.0003	4722.0	4.22	-0.02
2629995770275064960	6450.816	4.2643	-0.2425	0.0015	6280.0	4.26	-0.52
2994496729724227584	4593.6284	2.377	-0.2637	0.1091	4631.0	1.97	-0.16
3007999003091928960					4813.0	1.79	-0.14
3105752394329215744	6048.221	4.2873	-0.6093	0.0351	6417.0	4.31	-0.45
3423644914135911040	6509.7354	3.944	-0.7875	0.0023	3175.0	4.95	
3439373015655206656							
4036930819221904128	4849.696	2.5148	-0.2497	0.1292	4882.0	2.32	-0.15
4152501139157865984					4664.0	2.02	-0.23
4237825371774101376					6243.0	3.91	-0.07
4531892539760393088					3799.0	0.51	-0.53
4786896258627095040	6362.426	3.4836	-0.667	0.0023			
4967253377179058944							
5240800394058304768	7518.9927	3.6062	-1.9139	0.0454			
5243173204534527360							
5253989478377698048							
5269159616397419392	10483.651	3.8665	0.7913	0.5728			
5272572363052713984	4502.464	2.304	-0.2104	0.0025	4592.0	2.14	-0.02
5350422768488404864					7034.0	3.16	-0.7
5352233320541858688	4931.7686	2.5445	-0.391	0.0037	4958.0	2.41	-0.06
5476788368532445440					6350.0	4.37	-0.27
5753561764798687488					4670.0	2.13	-0.16
5902256040878672768	6071.928	3.6981	-0.5332	0.0998	6007.0	3.81	-0.51
5904288483795068288	7803.735	3.7619	-0.6587	0.3792			
5972249542379859840					8000.0	4.73	-1.56
6003880292840386688	6883.2583	3.8998	-0.4537	0.1935			
6134876967163846656	9621.975	3.7791	0.1812	0.3898			
6386306792205520896	6585.7275	4.2694	-0.0959	0.0682	6328.0	4.13	-0.44
6589337829090808448	5967.7974	4.0523	-0.4687	0.0032			
6661158448312075264	4471.157	1.9242	0.0141	0.6323	4229.0	1.28	-0.24
6797207309847676800	7058.1904	4.1989	-0.1099	0.0328			
6893425228795196672	6069.382	3.9133	-0.6857	0.023	6112.0	3.84	-0.37
6896911505289064064	5061.466	2.8526	-0.0897	0.1516	4923.0	2.34	-0.05
771654307099023232	4886.8096	2.5628	-0.2792	0.1225	4733.0	2.01	-0.27
1268847761463148416	5830.8975	4.2665	-0.2547	0.01	5991.0	4.13	-0.08
1383020155538463232	4750.426	2.4591	0.3358	0.7158	4271.0	1.58	-0.1
1856282430097116928	4868.782	2.5943	0.2044	0.9346	4507.0	1.82	-0.21
1863410495267852544	12435.128	3.9884	-1.3714	0.1555			
2068446530246228608	9775.957	4.2471	0.4203	0.3493	8000.0	4.68	-0.62
2130124871958533376	9915.259	3.9737	0.1515	0.125			
2867085425373536512	7502.1416	4.0835	-0.7051	0.0013			
3024322700612688256	6726.469	4.2134	-0.0925	0.0981			
3111255931062245888	8808.422	3.9253	0.0252	0.246			
3126070441499557632	10630.58	4.0033	0.4361	0.069			
3222083610762060160					5207.0	2.9	0.16
3293489052669472768	6708.83	4.1842	-0.4412	0.5694			
3344435027022560768							
3365690240353310976							
3379306180034705152	4345.584	1.6258	0.0482	0.8227	4032.0	0.6	-0.4
3389960275907606912					4818.0	2.97	0.28
3394536408942157312					6354.0	5.01	-0.22
3426272192873662720	9686.311	4.2096	-0.3722	0.3465			
3615011820572410240	6785.4214	4.0466	-0.5187	0.003	6998.0	4.45	-0.38
4053585083089508992					4370.0	1.65	-0.17
4056245802500097152	8486.844	3.2239	-0.1986	0.9237			
4256464357304224384	6385.52	4.1984	-0.3982	0.1465			
4281286622571581056	10061.885	4.2512	-0.4043	0.984			
4314761116641623168	6169.4507	4.0045	-0.514	0.2539	6188.0	3.89	-0.24
4341524470910243584	4466.0083	2.0056	-0.0213	0.7605	4330.0	1.44	-0.11
4387987530195911808	4984.204	2.6271	-0.0961	0.5574	4702.0	1.9	-0.34
4518324566282035328	8269.859	3.668	0.0997	1.0974			
5147958422440284544	5779.6416	2.8538	-0.0779	0.4796	5065.0	2.59	-0.44
5342653516251527040	7935.417	4.0825	-0.5212	0.0522	8096.0	4.54	0.13
5840399406468706688	7898.773	4.0231	-0.7722	0.5006	7866.0	4.43	-0.19
5943419999547892352					7444.0	3.91	-1.45
5976108209664908416					8029.0	4.89	
6022069685504147840	6087.304	4.0532	0.1348	0.3968			
6023110888651735808					4329.0	1.26	-0.13
6054426113711871616					4250.0	1.5	-0.3
6092543226865735040							
6401654771939949568	11647.627	3.9184	-1.2088	0.0192			
6561302554622909312					4717.0	2.37	-0.6
6702484039524306688					4250.0	1.5	-0.51
6733324138109241856	15003.11	3.9953	0.0096	0.3408			
6823244084493505152	5634.139	4.13	-0.2762	0.0013			
6834299918724560896	5811.378	3.5742	-0.1002	0.1056	5687.0	3.45	0.01
156361278005864192	5345.041	3.2918	-0.0137	1.2227	5031.0	2.95	-0.29
206125449160342528	7987.914	4.1391	-0.77	0.4174			
655722763140907264							
924242091261045248	3560.4263	0.4915	-0.13	1.3832	4250.0	1.5	0.17
929377738275441152					4717.0	2.61	0.05
1257394183196108160	6299.8296	4.0309	-0.4756	0.1014	6208.0	3.74	-0.52
1610286838177704832	4357.8013	1.869	-0.04	0.6688	4134.0	1.39	0.0
1611067594512895360	6766.2275	3.9519	-0.3623	0.0157			
2016008415544671104	5075.465	2.842	0.0856	0.5163	4668.0	1.98	0.03
2019696796065450368	5978.11	4.0198	-0.3873	0.2248	6194.0	3.93	-0.09
2034581091118259328	3611.2732	4.5886	-0.3456	0.0044	3636.0	4.77	-0.4
2056235182318798080	6477.705	3.5433	0.0438	0.1851			
2061457553312825600	16987.49	2.5024	-0.7237	1.8411			
2215707318011331584	4870.953	2.7117	-0.3203	0.0055	4824.0	2.37	-0.02
2301970636636947840	8100.239	3.8574	-0.4434	0.0107	8000.0	4.4	-0.52
2625897619856103680					4174.0	1.09	-0.37
2702249390915567360	5344.648	2.9509	-0.0765	0.5586	4837.0	2.2	-0.51
2844123052740819968					7864.0	4.63	-5.0
2863353094497258240							
3121478228103170304							
3209940501264413952							
3216667553922099456	4749.161	1.835	-0.7601	1.439	4010.0	1.03	-0.49
3305769158738852352	13400.1455	3.6659	-0.5827	0.7061			
3672865541149747968					4011.0	0.79	-0.91
4037332037923199872					3860.0	1.16	-0.06
4064318756111788160	5862.1816	3.7209	-0.2672	0.6668	5626.0	3.59	0.1
4069082909948005376	7378.273	3.5711	-0.0532	0.5771			
4094289523246106752					7743.0	4.0	-1.33
4191919902314227968	4762.2593	2.8627	0.1792	0.5517	4567.0	2.19	-0.01
4477070198507434496					4987.0	2.45	-0.11
4511416609607124352					3988.0	4.7	-0.48
4567464970728474624	6145.771	3.902	-0.3276	0.0006	6249.0	4.11	-0.36
4795618512571104640	5827.956	3.5019	0.0092	0.4094	5374.0	3.37	-0.35
5217070218672764416	7225.1743	4.166	-0.395	0.1843			
5334906700945688448	16493.283	3.3354	0.3952	1.2494			
5626323599180577792	7447.708	3.8354	-0.7765	0.0885			
5822601062003256576	6209.0376	4.1636	-0.3723	0.0006	6283.0	4.05	-0.19
5943578677154816896	8195.549	4.0542	-0.8082	0.8933			
5974615382142044544	8190.911	3.9118	-0.5535	0.7389			
6004354113630708736					4610.0	1.88	-0.24
6435399677151364096							
6632619318341990784	5682.0264	3.9997	-0.3245	0.0439	5697.0	3.67	-0.17
6647966061126936576	6441.8486	3.777	-0.3032	0.0613			
6788705679782109952	6105.6216	4.2238	-0.8452	0.0247	6284.0	4.18	-0.36
6798559846589882496	8885.065	3.7891	-0.7601	0.0355			
6834153821117285376	6048.852	4.2664	-0.0793	0.0004	6256.0	4.26	0.14
170158465309424768	5270.39	4.5241	-0.0983	0.1021	5324.0	4.27	-0.09
886167859017987328	6059.3677	4.1658	-0.0799	0.0777	6221.0	4.25	0.08
1805968876782018176	5870.719	3.7319	-0.7461	0.0099	5786.0	3.58	-0.4
1815674819976466176	4555.6416	2.1544	0.0798	0.6264	4218.0	1.39	-0.26
1839098399077908992					5603.0	3.14	0.12
1884666597636505216	6184.371	4.1107	-0.1708	0.0005	6234.0	4.01	-0.04
1939248794382745728					7363.0	3.6	-1.15
2026073203239249152	7294.4814	3.978	-0.4643	0.7083			
2037342372790050432	8342.379	4.0488	-0.5218	0.4712			
2047603049665023360	4826.445	2.5923	-0.0658	0.1751	4712.0	1.99	-0.13
2298513978237548672	6341.7886	4.0855	-0.1309	0.0003	6075.0	4.39	-0.62
2362181302122125824	6078.248	3.7014	-0.3692	0.0163	6256.0	3.84	-0.15
2629935645028123392	7131.007	4.2644	-0.3855	0.2602			
3128891199919616128	6908.3687	3.8976	-0.3684	0.0509			
3231596585366143360	7598.127	4.1351	-0.3421	0.0062	7020.0	3.92	-0.66
3291688911617247104	6072.1216	4.1824	-0.2249	0.2984	6508.0	4.22	0.01
3379237597997169664	5750.25	4.3812	-0.1864	0.0017	6045.0	4.16	0.14
3439910298884762112	9429.657	3.7348	0.0708	0.4801	7921.0	4.41	-2.51
3519955638737018240	5883.919	4.0766	-0.3889	0.1673	6014.0	4.09	-0.14
3735000631158990976	3038.983	4.2507	-0.7116	0.0	3120.0	3.77	-0.45
3795427247600122240	4412.3555	1.788	-0.0458	0.7136	4077.0	1.0	-0.58
4064064120458701184	6740.2607	2.1756	-1.8291	0.835			
4103070188801935232	7758.2085	3.7525	-0.5634	0.8491			
4132854270808557952							
4150044486609832832					4727.0	2.1	0.07
4314969478445997568	4992.713	2.4109	-0.0573	0.5418	4885.0	1.96	0.02
4319469676430549760	11658.6045	3.6566	-0.8141	1.8534	7800.0	4.18	
4660121743354291328	31290.145	4.1891	-0.9692	0.3018			
5224486493322731648							
5318485048061677952	13452.39	4.1167	0.7969	0.0819			
5333329928197727104							
5334920238684514816	9054.975	3.6532	0.2002	0.6859			
5354423685133179904					7260.0	4.21	
5687035813759862272					4969.0	2.37	0.03
5853425939245650176							
5863384765783967360	7172.156	3.7859	-0.438	0.1095			
5890822253821158784	4991.1426	2.911	-0.0024	0.6081	4827.0	2.25	0.02
5931080322376666880					4250.0	1.5	-0.66
5974344657432634368	10484.653	4.0163	-1.2364	0.7771			
5974742577568184448							
6030675700462520704	7815.1777	4.0813	-0.6663	0.5131			
6072002936613963776					8205.0	4.55	
6177149237874675072	6888.0327	4.0914	-0.751	0.0117			
6269309958917526656	6102.234	4.1607	-0.0911	0.0048	6600.0	4.68	0.23
6434394483004966784	6337.174	3.9955	-0.4289	0.0103	6450.0	4.27	-0.32
6517382631368587392	5540.0063	4.4113	-0.0192	0.1029			
6642612264130037376	7706.967	3.8389	-1.3377	0.0024			
6726174598108551552					8000.0	4.86	-0.6
6726715832701660928	9956.845	3.6926	-1.9211	0.1434			
45845859603381632					7453.0	4.05	-0.76
61122985259600384					3819.0	1.01	-0.16
141963104517995008							
167363712908822656							
419640574235007616					7889.0	4.01	-3.19
636073906234927360	6888.978	3.7095	-0.8751	0.0589			
1604935893042696704	5823.4404	4.3572	-0.2892	0.0009	5962.0	4.91	-0.1
1697484329373666688	5085.4106	2.822	-0.1197	0.2115	4865.0	2.29	-0.17
1801559530219724032	5342.5884	3.4638	-0.1298	0.3396	5387.0	3.76	-0.11
1824568013670013056					4052.0	0.83	-0.29
1837253388514664192							
1857464302018048000	7951.731	3.5373	-0.1013	0.3452	7589.0	3.7	-0.41
2002743426231650432					4347.0	1.63	-0.12
2033220101882305024	4982.9595	2.7522	-0.0604	0.1467	4848.0	2.4	0.09
2072991121060252672					5869.0	2.28	0.01
2903034061124067072	6902.9243	4.0136	-0.2602	0.0007	6207.0	3.39	-0.86
3113904963813666560	12178.537	3.7599	-0.8104	0.6442			
3374662152155979392					4244.0	-0.03	-0.4
3391097102210547456	4722.7534	2.5797	0.1619	0.562	4501.0	1.87	0.11
3433778734853541760					4609.0	1.91	-0.23
3434752558557353984	7760.2915	4.2407	-0.3826	0.2829			
4043257168547984384	8118.9546	3.7082	0.082	0.6281			
4045449732236182912	6854.4604	3.8875	-1.0469	0.2564			
4064595940502866816	5065.5884	2.8519	-0.158	0.4158	5024.0	2.64	-0.03
4064731798905626112	8219.817	3.3584	-2.4932	0.0009	7997.0	5.06	
4240029063651141632	10272.109	3.8648	-0.9982	1.2192			
4330014130353477504							
4374988966294231296	4574.5327	4.5909	-0.1207	0.0302	4650.0	4.42	-0.42
4509859220092766208					4250.0	1.5	0.12
4536450737002430336	5748.138	4.2459	-0.1067	0.0044	6164.0	5.05	0.09
4644856055150677632					4250.0	1.5	-0.95
4955728021419070720	6492.822	3.99	-0.3134	0.064			
5189591189709630848	6431.668	4.1754	-0.1675	0.0011	6260.0	3.93	-0.37
5226264369262069760					5113.0	2.83	-0.01
5340436007453765376	9357.333	3.9438	-0.0109	0.4083			
5350327935608641280					4536.0	0.8	-0.29
5433180809660129920					4078.0	0.99	-0.38
5790753501531735296	6677.8726	1.8739	-1.1774	0.6307	5511.0	2.94	0.49
5954772427071187200							
5973633346433006848	4970.812	2.4705	0.3681	1.5656			
5993142531016141184							
6061884479052350336	9624.616	4.0159	0.5011	0.6736			
6097937362195263232	4886.89	2.3202	-0.6546	0.1771			
6253768052825972096					5079.0	3.17	0.05
6313201187491421696	6010.9624	3.6196	-0.4261	0.0397	6248.0	3.81	-0.15
6383476717995042688	4762.0083	2.3105	0.2108	0.6254	4341.0	1.53	-0.2
6636319552928149120	6600.796	4.1789	-0.275	0.001	5984.0	3.75	-1.05
6725119410559325952	6576.4243	3.7071	0.1348	0.043			
234606575590548608	6741.4004	4.0942	-0.3649	0.1314			
455759531205386368					4342.0	1.37	-0.38
755915038665521664	6052.7183	4.0471	-0.5039	0.0009	6116.0	3.91	-0.27
1071133340038904320					5483.0	4.27	-0.06
1404099236551165952							
1809284149162801792					6278.0	3.72	0.15
3059232332239496192							
3105339763932735872	7845.789	3.6926	-1.3169	0.6577			
3113738765759456256	9372.864	4.1098	-0.7688	0.2332			
3220726225002041472							
3388285066862763008	8667.767	3.961	-0.9387	1.0273			
3423908002355226752	6882.8276	3.5945	-0.2498	0.2544			
3588936180766441728	6196.789	4.2553	-0.4696	0.0018	6355.0	4.25	-0.29
3802929318515846912	7127.9146	4.0357	-0.4258	0.0079	6723.0	3.39	-0.72
4046465195537598976	11272.793	3.4536	-0.05	0.9359			
4305269346323208832	5528.3247	4.432	-0.0071	0.0059	5571.0	4.27	-0.03
4317084732662988800	4716.67	2.2817	0.1651	0.684	4444.0	1.55	-0.16
4527379937876352256	6158.0034	4.1575	-0.4675	0.2002	6200.0	4.12	-0.06
4528235838966164480					4250.0	1.5	-0.26
4532910137776242816							
4563211509991465984					4605.0	2.05	0.07
4640538650945643776	5511.0312	4.4387	-0.1547	0.0085	5723.0	5.02	-0.17
4811800471874349952					7772.0	3.64	-0.36
4850518124578376832	5035.1377	2.6829	-0.2122	0.1736	4845.0	2.18	-0.2
5036834080756453248					4323.0	1.53	-0.27
5184277009492688768					4201.0	1.21	-0.4
5257823136118426496	8261.392	3.9738	-0.45	0.3126			
5263782111183170688					3987.0	0.87	-0.69
5308337620899396096					5085.0	2.26	0.24
5365276483365707392							
5415843297997619584	5170.2095	2.3366	0.1108	0.4898	4667.0	1.92	-0.04
5517718169916328448							
5624452470904759040	5018.475	2.9154	-0.0448	0.122	4938.0	2.56	0.05
5885798928786887040	10139.326	4.0759	0.7945	0.6035			
5941366940794274432					5312.0	2.89	0.18
5967118430795640448							
5967980997712695424							
5989751912034237312	6168.0825	4.053	-0.1858	0.1399	6028.0	3.93	0.11
5997893314603323008	11666.057	3.9295	0.7285	0.9576			
6078355884746327168	6573.955	3.531	-0.7591	0.1197			
6212901576441310464					5659.0	4.12	0.04
6530198332743735168					3829.0	0.74	-0.25
6666424421812496000	6241.652	3.6309	-3.6374	0.0152			
6671181768107805824							
156709307795522688					8103.0	4.85	-1.72
297809497547350912					4020.0	4.75	0.02
491270252088393344	7251.8506	4.0424	-1.3684	0.0085			
650828355848334080					4250.0	1.5	-0.68
836368847091682816	4672.1426	2.5584	0.5045	0.4803	4296.0	1.72	0.12
1829605426160928896	4872.178	2.8338	-0.4296	0.0012	4899.0	2.66	-0.16
1851203820241398912					4056.0	0.76	-0.48
1976105076989598336	6449.4707	3.5965	-0.0454	0.0705			
2025064165168789760							
2029088377661126400							
2061153607064083840							
2062010882552540416	5961.6675	4.3062	-0.3843	0.0012	6083.0	4.12	-0.2
2241523301274700416	7999.983	2.6777	-1.6575	0.0	8748.0	2.92	-2.82
2319688952983851392	4817.4634	3.04	-0.0752	0.1057	4796.0	2.7	-0.04
2416876611125209216	7388.423	3.7391	-0.6712	0.0005			
2599036447709746944							
3020556254812221184	8785.608	4.3539	-0.1951	0.27	7577.0	4.21	-1.05
3100712778484470400	9011.578	3.9883	-0.7479	0.5042			
3261733202649972992	6067.863	4.2251	-0.874	0.0			
3309540170088830464	5125.9937	4.2316	-0.3939	0.006	5202.0	5.05	0.14
3380145210483963648	8055.821	3.8668	-0.2021	0.0793			
3392483002256958848	5875.3105	4.1804	-0.4062	0.4087	5928.0	4.21	-0.18
3418764869215028992							
3440554406538720512							
3452259047117123584	6229.431	4.2436	-0.3399	0.2462	5666.0	3.76	-0.31
4065107380829809152	5519.691	4.0154	-0.1452	0.2581	5289.0	3.6	-0.16
4172479226764594048	5999.424	3.8415	-0.7394	0.2622			
4313352028072217216	9065.102	4.1049	-0.2153	0.9318			
4564270855087338240	5889.71	4.2255	-0.204	0.0005	6038.0	4.11	-0.01
4650754350926885120					4925.0	4.22	-0.65
4796028389890257024	4545.8706	2.0967	0.1047	0.5871			
4810336300343417856	6597.5205	3.7503	-0.443	0.0099	6754.0	4.12	-0.39
5164500093844340608					4604.0	1.76	-0.13
5203276810942065536					4250.0	1.5	-1.01
5323140101109547904					4250.0	1.5	-0.28
5336824622825986688							
5406661684410689792							
5458546096236113664	6424.06	3.8826	-0.7383	0.0006	6492.0	3.96	-0.2
5476476107232024704	4956.0654	2.7205	0.1018	0.0872	4799.0	2.14	0.09
5819167493338878720	8908.788	4.1495	0.7973	0.2997	7992.0	4.38	-0.16
5962227493893406464	9494.9	4.0199	-0.8982	0.589			
5963260794257182464	6503.138	3.947	-0.6258	0.4959			
6016862535884676864							
6072257237365676288	5901.77	3.8107	-0.7804	0.0088	5930.0	3.8	-0.25
6203739002449181056	7986.853	3.7247	-0.5727	0.27			
6209106435961718144	10483.709	4.0497	-1.4583	0.7675			
6447840788656142464	7305.0293	3.8012	0.0238	0.112	7502.0	4.26	0.19
6832571177207951232					3865.0	0.82	-0.2
218186060921635584	7803.7866	3.0717	-1.9009	0.0004			
272119202209825920							
335950628203469568	4756.686	2.2809	0.1681	0.7666	4340.0	1.39	-0.36
729160656586484096	4582.1133	2.4041	-0.2019	0.0028	4578.0	1.95	-0.12
1505343882144388864							
1827171176152540544	31343.098	4.076	-0.9944	2.4923			
1828308277335055488					6285.0	3.94	-0.05
1972252938010912768							
1997966048204721152					4250.0	1.5	0.25
2025299220119265920					7425.0	4.0	-4.25
2054861097715468032							
2183947065652606080	6662.4453	4.1652	-0.1461	0.0483	6018.0	3.65	-0.88
2438449510298039808	6238.12	4.1676	-0.6397	0.006	6329.0	4.13	-0.5
2987454529544612352	19915.338	3.9953	0.2304	0.0035			
3266286692617328000	6028.59	4.05	-0.1589	0.0061			
3327339309139481344					4726.0	2.15	-0.0
3330805966220492800							
3792560374110175744	5247.0693	1.6527	-0.0947	2.4389	3808.0	0.58	-0.59
4042663157430410624	4764.718	2.4592	-0.5508	0.0738	4933.0	2.38	-0.04
4044599363047725312	5770.302	4.3259	-0.3289	0.0006	5927.0	4.24	-0.02
4060011423688074624							
4261227819635436928	9720.376	3.8606	-0.9886	0.7489			
4310877714621171584							
4383121263530557440					8198.0	4.63	-0.3
4385737998122426112							
4414272455167766016	6174.187	3.7396	-0.5781	0.5424	6053.0	3.8	-0.05
4545921689647101056					4426.0	1.99	0.2
4855440844294271488	5856.0444	4.2521	-0.2988	0.0005	5946.0	4.17	-0.02
5032989500911228928					3085.0	3.8	-0.23
5256727094857461888							
5335305922392922624	6533.1533	3.4672	0.0797	0.1953			
5366413859419455872	5028.8916	2.853	-0.0167	0.0688	4972.0	2.45	0.1
5436572115838125312	6527.263	3.9986	-0.2719	0.0023	6760.0	4.31	-0.1
5823959336830903680	6394.508	3.9111	-0.9192	0.2294	6463.0	4.07	-0.38
5882403052837515136							
5882650855209498240					4808.0	1.88	-0.03
5951753099441918720					4184.0	1.22	-0.16
5962907301274354944					4942.0	2.49	0.04
6045698156014392960	5774.2437	3.5632	-0.4265	0.4606	6187.0	3.97	0.14
6072534864046270464					4317.0	1.05	-0.47
6139432209471810944	7393.0522	4.155	-0.3552	0.0899			
6299170392624913920	6307.3115	3.7841	-0.6923	0.1952	6336.0	3.92	-0.37
6349406391704083584							
6363270924093003904	6689.8384	4.163	-0.4827	0.0004	6760.0	4.35	-0.03
6470141152210126336	6035.6367	4.3608	-0.2715	0.0011	6107.0	4.82	-0.07
6546460968711810944					4146.0	0.95	-0.66
6546540614585370880					4495.0	1.64	-0.14
6575870190336596096	6176.594	3.7915	-0.479	0.0227	6227.0	3.88	-0.18
6650357258399247104	9214.329	3.5498	0.0199	0.3611			
6681378913821263104	6300.466	3.8604	-0.1771	0.0638	6498.0	4.16	-0.06
6834008513783398272					4575.0	2.15	-0.07
443333641060089856					4432.0	1.21	-0.11
704719406456701952	5018.665	2.7004	-0.204	0.2139	4832.0	2.16	-0.34
747389111970828928					6511.0	4.05	-0.54
782132481113557888	6711.2764	4.19	-0.141	0.0014	6727.0	4.27	-0.24
851121235119808000					4564.0	1.87	-0.25
884784943971167104	4965.9736	3.0704	-0.1001	0.1175	4876.0	2.66	-0.11
1081705900253839232					4613.0	2.3	-0.07
1466525727206437888							
1751960560686388096	7274.5464	3.9556	-0.4933	0.2599	7185.0	3.94	-0.63
1801840489801541248	4736.5903	2.5006	0.0226	0.4825	4546.0	1.95	-0.18
1801859726951654528							
1806682223616842880	8635.787	4.1163	-0.0157	0.435			
1820732672249854336	10439.2	3.9906	0.0654	0.3968			
1828163279239993600	6602.278	4.126	-0.1619	0.1224	6526.0	4.02	-0.47
1831223288793277824	4963.327	3.6688	0.0684	0.0856	4951.0	3.45	0.01
1908368593700046720	18520.674	3.7733	0.0926	0.1373	8074.0	5.13	-4.96
1976630982838858880	9998.314	4.0591	-1.4028	0.0444			
2022859816138257408							
2028175160234469248	15013.772	3.6935	-0.2113	1.5174			
2033017997906241792	4730.7354	2.5785	0.1561	0.5289	4506.0	1.85	-0.1
2034271196295506176	6963.84	3.9044	-0.2965	0.1777			
2036452872203505152					4609.0	1.96	-0.19
2057683440983088640	15005.5	3.7532	0.1139	1.5737			
2097628290404496768					3953.0	0.95	-0.22
2135358268128628224	14315.249	3.7101	-0.9877	0.0787			
2168447456399933056							
3107889913654608256							
3113987117947352832	4850.348	2.2434	-0.5934	0.1101	4899.0	2.18	-0.27
3132022922574152704					4981.0	2.5	0.0
3210653981234192768	7221.8115	3.9322	-0.5138	0.1327			
3349173204880392192	6555.1797	3.868	-0.3622	0.0835	6503.0	3.99	-0.35
3361271161385306368	4823.8306	2.5584	-0.2555	0.0691	4795.0	2.15	-0.21
3609105622065058048							
4003047753395211392	6302.981	4.1848	-0.2935	0.0003	6256.0	4.01	-0.23
4514194594464410752	6011.1836	4.2549	-0.3763	0.0969	6046.0	4.78	-0.05
4516228141223856000	5517.861	4.3818	-0.774	0.0013	5711.0	4.39	-0.39
4519563269222715264					7700.0	3.83	
4534693820512971136							
4657069155489272576	5938.9155	4.2886	-0.1984	0.0029	6061.0	4.1	-0.03
5342277307149971200							
5342583525460618240	7062.7837	4.0949	-0.3487	0.1426			
5720875517493737728	10012.305	3.7138	0.62	0.2441			
5876050968006596736							
5957477019548015872							
5976536121545407616					7725.0	4.36	
6008493809271269376							
6130512142217430144	10412.929	4.2405	-0.5857	0.5905			
6239672451194249856	5369.817	3.3248	-0.0094	0.649			
6541741997949120512	6078.752	3.7592	-1.5635	0.0002	6125.0	3.86	-0.6
6595426168571620608	5577.437	3.6126	-0.3111	0.0024	5638.0	3.53	-0.07
6639454947771734784	5427.178	4.1958	-0.1329	0.0137	5692.0	3.96	0.28
6655493141633633408							
6662104028311682048					8000.0	4.94	-3.75
200158536993334528	15428.526	4.0524	-1.2982	1.0157			
225351131526761472	5690.7046	4.0585	-0.6585	0.5687	5718.0	3.81	-0.2
250978685985299968					4585.0	1.69	-0.24
902235847068290688	5724.7114	3.9038	-0.1913	0.0097	5903.0	3.96	0.01
1126961558335095936					4665.0	1.91	-0.17
1159942852718669056	5072.8853	3.5536	-0.0673	0.0717	5274.0	3.64	0.07
1370530665520118144					3609.0	4.18	-0.16
1839258073079088640					4320.0	1.85	0.28
1856235490387188096	7623.8022	3.781	-0.3681	0.1478	7829.0	4.28	-0.14
2009385816485947648					3860.0	0.49	-0.37
2032080419383904512					8125.0	4.69	-2.31
2053872503633381760	6206.553	4.1724	-0.5132	0.0007			
2082212862512619392	5600.8394	4.3379	-0.2182	0.0313	5715.0	4.05	0.02
2439031014510155136	6335.5737	4.119	-0.3637	0.0021	6473.0	4.15	-0.14
3101443953715587072	9257.279	4.2295	-0.2125	0.315			
3102961971258376576					8289.0	4.42	
3105397355152770560	4919.1196	2.6883	-0.1365	0.6057	4850.0	2.1	-0.14
3304661155960130560					4675.0	2.04	-0.26
3305319836440415616					4901.0	2.3	-0.06
3340059112480146688	5017.1255	3.4528	-0.0887	0.1264	5025.0	3.21	-0.15
3341200508629124992	5779.6416	3.6404	-0.2395	0.0006	6304.0	3.97	0.08
3395928218865042176					5469.0	2.99	0.23
3483892585060553728					4653.0	2.1	-0.21
3513590256686230656	5751.3325	4.4016	-0.3499	0.1758	5609.0	4.33	-0.28
3902403166272850944	4986.257	2.7934	0.057	0.2945	4718.0	2.06	-0.2
4036282004269679232	5525.218	4.167	-0.4825	0.048	5853.0	3.89	0.16
4039055453615579392					4250.0	1.5	-0.27
4047846216501834752	5903.97	3.9284	-0.4245	0.3599	5464.0	3.71	-0.47
4080495565760136192							
4184980747005016704	7235.8164	4.0747	-0.7915	0.4398			
4192594006021752960	5624.667	2.9711	-0.0041	0.8055	4828.0	2.04	-0.71
4259597729256792832	4988.617	2.7139	-0.0681	0.5181	4731.0	2.04	-0.23
4321746966846526336					8295.0		
4394537969499768960					5241.0	3.19	-0.35
4528471512405949312					4578.0	1.94	-0.11
4650816954383605376	6814.1465	3.957	-0.003	0.2189			
4662070558983676416	4462.724	2.0087	-0.4235	0.1093	4617.0	2.03	-0.15
4683485399032417408	7204.092	3.8793	-0.3585	0.0004			
4790146174480931968	5915.03	4.3277	-0.1045	0.0505	6006.0	4.26	-0.02
5240313653999276800					4946.0	2.48	0.15
5260402590396697600	6074.852	4.0381	-0.4694	0.0082	6332.0	4.13	-0.24
5334787610102510592	5988.394	3.7705	0.1267	0.4265			
5530147049359673984							
5538202518218807680	7435.415	3.6398	-0.4596	0.0365			
5631388568207695360	9895.465	3.9977	-1.3108	0.4037			
5823490669992349440	6225.6294	3.9505	-0.1675	0.0793	6504.0	4.22	0.13
5882264033297689344	7064.637	3.8553	-0.5268	0.0139			
5952792790768849536							
5963087758612217984	6101.976	3.4356	-0.352	0.0117			
5972644988600583936	7725.6567	3.878	-1.4998	0.5286			
5975067247042431232							
6450299365375851392					4250.0	1.5	-0.54
6560952085290655616	4820.1772	2.8259	-0.0609	0.2511	4637.0	2.18	-0.18
6607753313121760768					4306.0	1.34	-0.26
6873418717079817600	6345.933	4.1778	-0.5433	0.0005	6275.0	4.02	-0.33
50868531799454720	5286.6	4.3429	-0.0592	0.0741			
182469559567072128	9121.987	3.6483	0.188	1.0504			
468904330156317440	5547.2217	2.7492	0.0442	1.06	4934.0	2.49	-0.08
594989348593414016	6126.3613	4.2159	-0.3836	0.0	6241.0	4.2	-0.06
851048048876628608	5930.451	4.251	-0.4611	0.0244	5973.0	4.09	-0.4
1334723935490612864	5100.167	3.4745	0.0487	0.0305	5318.0	3.84	0.31
1796703846348321024	6001.6177	4.0122	-0.3066	0.0274	6195.0	4.11	-0.12
1856699797843739520	5027.989	3.2154	-0.1	0.297	4839.0	2.73	-0.29
2056649114089286656							
2663025241307454848	4554.4336	2.115	-0.4467	0.166	5150.0	4.15	0.17
3112637772362592640					5832.0	3.45	-0.39
3114765366021631360							
3132106313657455872					4608.0	2.02	0.07
3222674014146133888							
3292080376412325120	10961.025	3.6569	-0.5912	0.3887	8281.0	3.97	-2.49
3337941418724791552	6572.0464	3.9684	-0.8193	0.2982	6701.0	4.13	-0.31
3344332119606188672	6988.8027	2.7684	-1.4355	0.4414			
3371313207239973376							
3381189128055254016					6228.0	4.18	-0.3
3383325891465729152					4211.0	1.26	-0.23
3450995094079547776							
3901718342327494400					5119.0	2.99	-0.02
3979950759306604288	4795.3647	2.5491	0.1696	0.453	4391.0	1.87	-0.12
4038195601137826560					8000.0	4.5	-5.0
4103813699182709248	11769.16	3.8841	-1.1348	0.9715			
4122409464434770176	5003.5103	2.4578	-0.1845	0.8856	4538.0	1.57	-0.54
4354149097778482688					4573.0	1.9	-0.24
4507572957471959424	8157.8335	4.1962	-0.6727	0.7325			
4524845460500517888	5567.348	4.1637	-0.1745	0.1878	5798.0	4.05	0.2
5078187846949837952					3916.0	0.94	-0.25
5246274415752996736							
5304463010629034240					4649.0	1.38	-0.17
5335790330334188032	4818.9155	2.7451	-0.0765	0.296	4597.0	2.11	-0.17
5342313286119692416							
5409224856488337152							
5436690725655100288					4598.0	1.79	-1.1
5746824674801810816	4462.219	4.5808	0.0619	0.0	4672.0	5.0	-0.11
5903485501025814912					4004.0	0.8	-0.31
5940527360630321920	7900.165	3.4684	-0.0053	0.7111	7272.0	3.72	-0.27
6004132836919539456	9465.371	4.0014	-1.2463	0.1533	7817.0	4.39	-2.88
6035668617096371072					4815.0	2.05	-0.52
6076484996999618432					6129.0	3.86	-0.11
6077973598299049856					4061.0	0.65	-0.51
6091310880499591168	7458.1084	4.109	-0.2848	0.4741			
6100277947576330496	4901.872	4.5008	-0.0177	0.0	4936.0	4.02	0.01
6329319276335440000							
6507855844151094272	4844.7915	2.273	-0.4793	0.06	4816.0	2.16	-0.3
6653395827503609088							
6760364427580400128							
6829682446628800256					5796.0	3.87	-0.4
6860163180993144320	4486.123	1.7578	0.0068	1.0908	4050.0	1.14	-0.31
175670763773381632	5035.516	2.7138	-0.1713	0.7527	4775.0	2.09	-0.39
305684028027060224	5088.0244	3.3884	-0.4087	0.1035	5200.0	3.41	-0.33
972694819918307200	6128.534	3.9854	-0.514	0.0006	6028.0	3.71	-0.26
1115030895101568896	7206.3066	4.1494	-0.6613	0.0032			
1757090057306221184	6340.859	3.6113	-0.9119	0.0875			
1816133041452078976					3821.0	0.32	-0.56
1934838000405631360					4573.0	1.85	-0.12
1984218545082555648	5855.694	4.0416	-0.141	0.2334	5762.0	3.87	0.16
2082023505993503360	7510.346	3.8029	0.5774	0.1783			
2087827789209566720					4250.0	1.5	-3.03
2153647480123357184	4610.4316	2.364	-0.2022	0.0017	4632.0	1.95	-0.13
2823631557613347584	4759.6094	2.4387	-0.5609	0.0434	4980.0	2.53	-0.13
3050255953671089280	6002.132	4.1161	-0.1518	0.0019			
3130313731745733248	6062.2393	4.3104	-0.2301	0.036	6145.0	4.77	-0.05
3351407756106665856	10426.886	3.9507	-0.9905	0.1012			
3374572198360317952					3111.0	4.88	
3398581374783365120	10278.337	3.6097	-0.4074	0.595			
3430559158649577728	4852.1484	2.6023	0.2379	0.6794	4523.0	1.9	-0.04
3450703586057811968					8423.0	3.8	-3.0
4040957368242304384	4792.7964	2.5631	0.0269	0.8638			
4055884784685454208							
4067359936555883776	5518.1577	2.7	-0.0976	0.9072			
4260196447678150656							
4298055862837777152	7953.097	4.1618	-0.3329	0.0001	7398.0	4.24	-1.08
4304495565008324352					6398.0	3.83	-0.23
4308257200468957568							
4316795732869963520	7962.171	4.0757	-0.447	0.3204			
4389318317225055872							
4450427970904213504	6611.0044	4.1082	-0.1715	0.0194			
4879277466111065984	4882.235	2.8292	-0.0784	0.2981	4641.0	2.17	-0.22
5188082728474174976	6609.295	4.1302	-0.2859	0.1638	6464.0	4.26	-0.55
5231535836027577088	7991.8135	4.0667	-0.2846	0.5647			
5249995506699780480	7802.15	4.0888	-0.7319	0.466			
5254848304380135680							
5345859967033761536	7750.2183	4.0596	-0.3121	0.0141			
5350641708734155776	12358.239	4.0039	-1.4628	0.2704	8045.0	4.53	
5354405233949952640	7094.4976	3.9107	-0.2369	0.1473			
5579770998409700864					4299.0	1.38	-0.14
5607161860284271488	6124.848	4.0722	-0.2538	0.0004	6218.0	4.07	-0.08
5632824977069614720							
5950044114759757952							
5955238546961876224					6132.0	4.18	0.16
5964813540886867968	6822.347	4.0357	-0.5166	0.6959	6913.0	4.39	-0.05
5965407758204086656	7923.8115	3.8397	-0.265	0.6729			
5967957426916135936							
5968741958494013696	6605.2144	4.1102	-1.0735	0.9284	6619.0	4.41	-0.61
6091794803057290496					4013.0	1.06	-0.48
6316350296169495552							
6337154464915375104	5710.245	4.0937	-0.8698	0.0025	6094.0	4.06	-0.31
6424112812333538048					6139.0	3.87	-0.41
6448752696112624128	6087.318	4.1243	-0.1384	0.0005	6155.0	3.99	-0.01
6478461500294348544	7208.135	4.0411	0.1545	0.0297	6519.0	3.46	-0.56
6854965411571898240					3824.0	4.91	-0.44
187576378760227200	5607.346	4.3091	-0.3063	0.005	5705.0	4.26	-0.14
201941498176683392	4919.8164	2.3068	-0.1302	0.5559	4798.0	2.2	-0.04
202863026359934848	5762.0083	4.3354	-0.2832	0.1479	6011.0	4.35	-0.08
217631254225073024	7136.4814	4.1579	-0.3512	0.6419			
332409925884477568	10958.138	3.9639	-1.0299	0.003			
557576300795611648	10942.616	3.9266	-1.1373	0.091			
643224064709933056	7601.7275	2.3686	-1.7419	0.081			
1594864778848695424	6138.8413	4.0366	-0.4721	0.0004	6097.0	4.08	-0.52
1856512704756332032	4768.0825	2.2321	0.1191	0.5343	4484.0	1.55	-0.17
1977647519998769664	7399.8086	4.0947	-0.9301	0.184	7674.0	4.62	-0.49
2055564755103622016	5949.72	3.8384	-0.1219	0.1203	5776.0	3.47	-0.16
2059073159271061632	20455.117	3.4395	0.2873	1.1871			
2732601856077408896	5124.3843	3.319	-0.4896	0.0064	5454.0	3.86	0.0
3112149765298307584	9997.749	3.8773	-0.9771	0.0984			
3223749920634090112	6202.493	4.2816	-0.231	0.0357	5718.0	4.86	-0.8
3234958754485557248							
3363374737583198848	10801.83	3.3653	0.0796	0.1312	8020.0	4.19	-3.28
3414395684883388800	7081.703	3.4393	-0.384	1.6979			
3424512016494632960							
3427745233514986496					4021.0	0.75	-0.45
4037562243729106048	10811.892	4.1775	0.7981	0.2137	7990.0	4.5	-0.21
4064315393177214848							
4089972114739248256							
4252205265964622720							
4625495029775797760					5432.0	3.33	0.12
4658959456480645376					5194.0	2.69	-0.8
4914092093054927488					4573.0	1.93	0.02
4938019733818275584					3923.0	0.69	-0.36
5062248329965695488	5665.052	4.3884	-0.2068	0.0131	5691.0	4.35	-0.14
5130732064531557376	5149.248	3.5069	-0.3367	0.0554	5220.0	3.41	0.01
5199411237296792320							
5227204417353518592					4832.0	2.24	0.07
5254194507274022784	10231.015	4.0943	0.1092	0.1808			
5369110205533774848					4564.0	1.93	-0.13
5374619033661291392	5895.1963	3.4707	-0.4816	0.0174	6183.0	3.79	-0.33
5826626374085473408	4773.85	2.5239	-0.0915	0.4496	4659.0	1.94	-0.1
5843605681144475648	9370.097	3.8604	0.0123	0.7385			
5867698184272597376							
5868202653912963456							
5939590026923893120	9678.125	4.1774	0.7828	1.0628			
5968365994238061568	7795.595	4.0284	-0.655	0.3678			
5998144892288231808							
6024605155006009856	7036.0654	3.3598	-0.2316	0.5678			
6033137575739342336	6151.0938	4.2458	-0.3146	0.0003	6208.0	4.14	-0.13
6079323317537098240	7193.0264	4.1624	-0.6011	0.0833			
6120700345265343872	4791.026	2.3556	0.1241	0.6094	4307.0	1.35	-0.42
6166532009999791488					4928.0	2.43	-0.17
6192767731827249920	6753.3354	4.1276	-0.4983	0.0799	6985.0	4.4	-0.17
6283023033578752896	5040.2124	3.0826	-0.1134	0.2224	5151.0	3.36	0.15
6366329009527483264					4621.0	2.16	-0.27
6467743254790982656							
6529294190589217792					4233.0	1.51	-0.3
6576732447971176320	5708.236	4.4272	-0.2896	0.0003	5749.0	4.2	-0.23
6772183279900368000	4493.187	1.9058	-0.0407	0.8394	4170.0	1.09	-0.41
6786241399346295680	4885.2	2.7222	-0.0944	0.3071	4640.0	1.98	-0.3
6835196909758448000	8272.356	4.3239	-0.3246	0.1396	7488.0	4.34	-0.42
6903829391933562496	5911.647	4.1728	-0.6583	0.0096	6148.0	4.07	-0.3
66031690501143680					4392.0	1.47	-0.32
159929601257111680					4449.0	1.04	-0.27
180249984889603840	6517.635	3.4663	-0.0756	0.5979			
259403075358028928	9318.398	3.6363	0.2421	0.5905			
434490715712928896					4978.0	2.39	-0.4
445519092220244096							
847432098730431872					5994.0	3.9	0.09
906284420679326464	9801.03	3.5669	-0.3107	0.2913			
1206055339596669824	7566.7495	3.8528	-0.7052	0.0545			
1422906520384330240	6095.34	4.0129	-0.0871	0.0007	6252.0	4.05	0.11
1808839907804343552	4711.4424	2.5798	-0.222	0.0018			
1830756305584578816							
1869145096934575744	9643.413	3.4919	0.0596	0.2536			
2033763260637103232	9146.452	3.9168	-0.3457	0.2825			
2046691421391611648					3788.0	0.59	-0.48
2053764717141742976	10174.231	4.3738	-0.0262	0.5369	7050.0	3.6	-1.45
2055173122824760832	7878.285	4.1749	-0.5415	0.4867			
2070288487108338560							
2073122405304665856	7287.169	4.0677	-0.4201	0.1736			
2150221608048964864	5153.2666	4.534	-0.2664	0.0004	5211.0	4.32	-0.29
2493719176687468800	4467.2515	2.0476	-0.3596	0.0011	4541.0	1.84	-0.19
2943453723470330752							
3112043559347217920							
3158833448463248768	5571.109	2.9117	-0.4278	0.4349	5173.0	2.92	0.0
3213902076020891008	6139.576	3.8675	-0.6312	0.0491			
3218285244764545920	9176.056	4.3288	0.1224	0.3485			
3273765914308145792	6083.2754	3.7184	-0.3868	0.0284	6171.0	3.83	-0.1
3333864463968262656							
3348673854803717248	15080.617	3.6949	0.0064	0.9013			
3358113677524129024	5709.7715	3.9696	-0.1567	0.0014	5667.0	4.42	-0.54
3416800793555147776	8601.905	3.2764	-1.2581	0.645			
4095308873632903168							
4230091883714902400					4244.0	1.46	-0.28
4234177776302302592	9976.269	4.1217	-1.0191	1.4784			
4316278996795711616							
4325698066179189120	6054.3237	4.212	-0.6644	0.0918	5958.0	4.49	-0.2
4351456011547825536					5442.0	4.14	-0.33
4507445242323881472	4846.84	2.6965	0.0924	0.7154	4642.0	1.9	-0.11
4576196639246534528	4866.0996	2.6283	-0.302	0.1431	5015.0	2.71	-0.01
4586017442741462656	6651.0146	4.1917	-0.1921	0.2223			
4810574963086119168	6170.453	4.1144	-0.5004	0.0016	6498.0	4.06	-0.19
4853948807015508864					4674.0	2.0	-0.14
4864852320230775552	8584.243	4.1599	0.1498	0.332			
4908926651850642176							
5667327548867975168	6661.992	3.8991	-0.7405	0.0007			
5890540332172962560	6657.8823	4.0554	-0.455	0.1322			
5943721957303209344					4679.0	2.02	0.05
5958700810365873408	6707.5635	4.1154	-0.4681	0.0242	6372.0	3.95	-0.92
5994671161428775296							
6115372730392423168	5682.9062	4.3947	-0.3345	0.0005	5723.0	4.18	-0.12
6130842240524472832	7433.8887	4.0877	-0.1089	0.2425			
6189478577152600960	5387.232	4.3585	-0.6937	0.0071	5568.0	4.3	-0.2
6199797493784025728					4250.0	1.5	-0.74
6258806977174880000					4982.0	2.58	-0.05
6530679094203620992					4623.0	2.02	-0.1
6665685343840128384					4030.0	4.69	-0.22
6674900380855853696	5030.8633	1.3587	-1.5024	2.9433	3790.0	0.65	-0.46
6698883894851065728	4932.803	2.6827	0.0792	0.3547	4648.0	2.06	0.04
6701524990504304512	6210.8003	4.2695	-0.2088	0.0012	6414.0	4.28	0.04
6897923567086735744	6095.668	4.2847	-0.1691	0.0011	6153.0	4.17	-0.05
166906694028157312	5062.7666	4.5791	0.4364	0.0849	5143.0	4.35	0.3
216349223666142208					4794.0	2.47	-0.24
461021622055922432	9726.307	4.0931	-1.3618	0.6572	7802.0	4.38	-1.75
574952638964477696	5929.722	4.1259	-0.3761	0.0463	6000.0	4.21	0.09
1004217165451345920	9836.461	3.814	-0.8176	0.4356			
1300819601094274560	10235.621	4.3066	-0.6183	0.4114	8029.0		
1785352625740690432	5398.0522	2.8424	-0.1266	0.0002			
1813543313604545280	4529.5938	2.1063	-0.3515	0.0775	4685.0	2.05	-0.11
1814165499749022464							
1855914574738930816					4574.0	2.09	0.03
2055056849465586560	5755.129	3.72	-1.1813	0.0116	6042.0	3.94	-0.09
2055866777210826112	11578.6455	3.5972	0.0406	1.2923			
2057152621692294016	5797.781	4.3829	0.1234	0.1183	5821.0	4.31	0.2
2060653294926066816					7806.0	4.45	-0.61
2241572779298040960	6818.547	3.9714	-0.395	0.0009	6819.0	3.97	-0.46
2378285024300067840	6400.215	3.7653	-0.2861	0.0087	6358.0	3.78	-0.45
2632961466668149888					4290.0	1.44	-0.27
2956515268772234240	11088.486	4.0751	0.796	0.8776	7507.0	3.9	-0.9
3102370124763643136	6224.8774	4.1466	-0.2516	0.0052	6259.0	4.0	-0.11
3114093972435794688	9001.98	4.0006	-0.251	0.3136			
3171158595851245568	6466.655	4.1921	-0.5051	0.0008	6510.0	4.24	-0.32
3342074208056337408	6082.0166	3.7866	-0.4664	0.0542	6273.0	3.86	-0.12
3351083846851995648					3766.0	0.34	-0.64
3425429215348089600	7607.9897	3.3839	-0.0154	0.9118			
3434939338094495360					6754.0	3.03	-0.73
3446149026641396224	7271.831	3.7987	-0.3066	0.6574			
3463912362839043200	8295.937	3.9765	-0.4897	0.1615			
3521099886744153984	5813.4106	4.2511	-0.6295	0.0019			
4066377527310758272							
4097576994301735808							
4154322445814083840					4772.0	1.84	0.0
4193014156901786240					4068.0	0.83	-0.62
4217775326257752832	6235.0386	3.9158	-0.2646	0.0462	6190.0	3.82	-0.19
4305304285857488000					7718.0	3.87	0.18
4455624400297843328	6900.2725	4.1696	-0.8728	0.0012			
4530058451281157888					5973.0	5.84	-0.08
4810310427460435072	4840.2505	2.5141	-0.25	0.0483	4749.0	2.1	-0.35
4811623072545286016	6304.3203	4.2011	-0.4613	0.0016	6522.0	4.32	-0.21
5081269125207786880							
5337090223605964032							
5370483255035398144							
5511075092454787840	5283.9453	3.3037	-0.0714	0.2676	5129.0	3.12	-0.26
5798898821119787648	7474.594	3.9862	-0.7828	0.2193			
5990294314865348352	4823.9497	2.5469	-0.0398	1.647	4606.0	1.92	-0.24
6213395154082598016	6096.8994	4.2261	-0.391	0.0178	6404.0	4.69	-0.15
6368857130356662656	5014.383	2.6595	-0.092	0.3644	4823.0	2.11	-0.12
6579779744447459584	4857.564	2.6922	-0.5039	0.0496	4938.0	2.67	-0.22
6646783433288857600	7245.1094	4.0869	-0.5816	0.0028			
6692181787364892288					4440.0	1.52	-0.64
6705911629587176448	6596.38	3.9127	-0.5926	0.2868			
6840837717942233088					4810.0	2.08	-0.26
6840932997496801408	8798.587	3.8807	-0.071	0.2534	7300.0	3.6	-1.25
67539808136361600	4385.6846	1.711	0.0682	1.0844	4056.0	0.86	-0.41
177623152829810944	4948.6133	2.8205	-0.0768	1.116	4794.0	1.95	-0.11
178464588460030592							
380795549971142656	9809.815	4.189	0.7105	0.5821			
641563802151979264	6070.795	4.0353	-0.4052	0.0004	6110.0	3.85	-0.17
677621667509438336							
771604691637266176							
1264132815085151488					6192.0	4.12	-0.05
1492477397077761408					4897.0	2.26	-0.1
1566320975956004480	5010.176	3.3479	-0.1172	0.132	5084.0	3.91	0.13
1612825743669068672	4969.32	4.6453	-0.3254	0.1402			
1734660294978276224	4829.7183	2.5875	-0.2482	0.0385	5065.0	3.06	0.21
1837821561137671296	7717.4497	4.1835	-0.2826	0.1078	8000.0	4.94	-0.04
1855938450448988928	5879.708	4.0579	-0.1723	0.0791	6019.0	4.04	-0.07
1857759864484721664	6587.011	4.0137	-0.1759	0.1294	6635.0	4.1	-0.19
1940294219482530560	7116.732	3.7928	-0.5017	0.1654			
2059079653284766848	6680.0874	3.4516	-0.6402	0.2804			
2062102416886754816					6981.0	4.06	-0.28
2162756379908458624	7412.954	4.1003	-0.1528	0.0644			
2642354388346964736	6017.5264	4.2308	-0.1831	0.1496	5769.0	4.4	-0.32
2883749623604920448	5715.6016	4.3992	-0.1435	0.0013	5499.0	3.87	-0.2
3128761942882337792	9337.663	3.8268	-0.1182	0.543			
3131070608064387840					4192.0	1.12	-0.37
3369889786358803584							
3371938146457958528	6006.539	3.422	-0.2139	0.2323	6317.0	4.05	0.23
3375613710751327616	5761.698	4.2433	-0.304	0.025	5672.0	3.57	-0.35
3409150773901201536	5934.5156	4.1775	-0.3971	0.2755	5746.0	4.12	-0.02
3436173471176006784	6821.052	4.1709	-0.1145	0.2541	6659.0	4.04	-0.29
3464832138675486464	5863.9326	4.3618	-0.1978	0.0153	5868.0	5.03	-0.22
3725447524380136064	6209.28	3.9411	-0.4814	0.0125	6271.0	3.96	-0.22
4041074363131797760	10853.699	3.6566	-0.5253	1.0132			
4054216344551854336							
4081882427891669120	9620.411	3.9215	-0.9986	0.5236			
4258794329822269312	5165.1597	2.279	-0.3575	1.7564	4987.0	2.33	-0.14
4294792306183416960					4874.0	2.31	0.02
4308473769893586944					4434.0	1.58	-0.14
4314390997908033792	5579.9116	4.3903	-0.1081	0.1536	5526.0	4.07	-0.09
4369037653456828416					7728.0	3.85	-0.31
4391578741327909632					4269.0	1.4	-0.21
4548267738224232448					3239.0	3.98	-0.75
4671271787648384384	10212.698	4.1492	0.7696	0.5832			
4766376347995853056	6932.467	3.6217	-0.1255	0.1127			
4877572634675517952	5121.6196	2.8664	-0.1861	0.2795	4760.0	1.92	-0.52
5053035242856829952	6179.128	3.8765	-0.2267	0.0078	6197.0	3.91	-0.02
5235798406399267584							
5254993538648690304	7346.932	3.8517	-0.7791	0.2633			
5325010409053933440					4521.0	1.87	-0.05
5334743384757149952	5975.5474	4.121	-0.2788	0.0049	6224.0	4.18	-0.03
5747515133744145792							
5799817566168792576					7962.0	4.72	
5812348906331516416					3738.0	0.48	-0.68
5902750168276592256	5620.91	4.3504	-0.6025	0.0	5679.0	4.13	-0.38
5935528083042380288					4250.0	1.5	-0.24
5943581288495078656	6855.1904	3.6668	-0.4785	0.6394			
5962560538482314112	6114.2485	4.2035	-0.8615	0.0317	6010.0	3.93	-0.77
5975836630290192896	5519.727	3.021	-0.8521	0.1376			
6093872261553962496					4918.0	2.32	-0.11
6101871380441363968	6226.1763	4.2199	-0.2034	0.0048	6455.0	4.47	0.01
6149756348779260800					4429.0	1.26	-0.68
6361207312566147968	6175.3467	4.1378	-0.5958	0.0007	6200.0	4.09	-0.5
6457749931042968064							
6458952345790198144	6264.7754	4.0744	-0.654	0.0001	6281.0	4.05	-0.31
6504774806411682304	6680.5566	3.8875	-0.4824	0.001			
6601132054099267456	4809.4673	2.549	-0.0662	0.222	4626.0	2.09	-0.15
6703436216593259648	9998.968	3.6879	-0.8745	0.127			
6712203374413793536	6565.9985	4.0326	-0.3877	0.0607	6647.0	4.27	-0.18
6879791456413579776	6482.5854	3.788	-0.4361	0.3166			
6897651987715450880					6228.0	3.87	-0.15
155064266601357184	7380.8374	4.0194	-0.9777	0.7337			
421336605280282240	4985.072	2.8334	-0.0703	0.4267	4885.0	2.44	0.01
464668186732616448	17641.705	2.6428	-0.4964	1.6829			
610786886847386112					4556.0	1.93	-0.41
1102660560359306368	4886.7183	2.6162	-0.089	0.239	4754.0	2.08	-0.17
1669191008972346624							
1810019069614550400					4649.0	2.07	-0.09
1817840892244816768	4611.7734	2.1501	0.1711	0.5471	4279.0	1.38	-0.1
1826253908584521344							
2023326490071713536	5614.733	3.602	-0.0967	1.134	5052.0	3.25	-0.35
2072914361405683456	6560.3926	4.2537	-0.2507	0.0805	6684.0	4.39	-0.28
2072961193713463168	5422.5264	2.4289	-0.5805	1.381			
2110727390898940672	9989.772	3.9809	-1.27	0.0851	7938.0	4.59	-2.2
2384462767819752320	5058.4824	2.6297	-0.1273	0.3762	4738.0	2.25	-0.23
2620133739384530048					3770.0	0.77	-0.28
2937783473288204928					4570.0	1.83	-0.12
3069969819191436032					4404.0	1.74	0.03
3111072656218936448	4527.5054	1.7902	-0.0236	1.2008			
3218638462875568384	5843.2666	3.8985	-0.2906	0.0101	6104.0	4.2	-0.09
3240647795150149248	6059.6274	4.0744	-0.27	0.0285	6439.0	4.39	-0.09
3329220058136574592	5751.3706	4.248	0.0939	0.0075	5919.0	4.1	0.32
3330542976783011968	7855.879	4.192	-0.0664	0.1571			
3338123658479551360	7886.152	3.6905	-0.5261	0.6782			
3413204222300352384					4556.0	1.82	-0.26
3432462477698053504	9676.467	3.9097	-1.0024	0.1714	8355.0	4.31	-1.78
3446688925509187456							
4041664182402742784							
4104924824410112256	6693.769	1.8782	-0.5198	1.4413	6680.0	2.18	0.13
4105513750298878848					4865.0	-0.49	0.08
4124661848378336640					4250.0	1.5	-0.13
4177968852106688256							
4288492001467565696							
4385067261673347456	6467.635	3.8683	-0.7332	0.0623			
4450180512065384576	4779.551	2.8339	-0.4081	0.0004	4908.0	2.81	0.01
4479540663691523456	5419.5264	3.3087	-0.129	0.4204	5043.0	2.94	-0.46
4535638610234665216					4668.0	2.31	-0.15
4585042382086623744	4413.4385	1.8543	0.0786	1.2708	4043.0	1.06	-0.3
4651614615714446976	6041.1133	4.0592	-0.3654	0.0597	6037.0	4.0	-0.21
5268615633018714496					3801.0	0.65	-0.72
5335810430732804352							
5547409038320895360							
5751097072046680448	5255.733	2.3512	-0.3883	0.0979	5030.0	2.08	-0.21
5797378059092836864							
5822023749681671936	9999.786	3.7876	-0.9374	0.0223			
5952234341891006080							
5998595077891840256	6532.454	4.2131	-0.2996	0.001	3175.0	4.95	
6007493184966011264					3780.0	0.77	-0.32
6035449298908854656	4645.5947	2.3173	-0.4798	0.5301	4722.0	2.15	-0.13
6093439466289875456	6771.4893	3.7672	-0.5187	0.4109	6319.0	3.12	
6094686278114775552	6908.4062	4.0366	-0.5863	0.0273			
6106555574852390272	4830.2993	2.7783	0.2454	0.3955	4547.0	2.12	0.05
6314165734066885376					4287.0	1.7	-0.03
6488430669144023040					4439.0	1.73	-0.29
6583221731239294080	5830.1577	4.358	-0.2651	0.0001	5905.0	4.7	-0.14
6593087099318441856					4117.0	4.84	-0.56
6708414118048702720	6740.3276	4.0527	-0.2397	0.001	5754.0	3.57	-1.34
6848427165674957440							
